"Error in ShipStreamInfo: %1","Error in ShipStreamInfo: %1"
"Error in sync inventory: %1","Error in sync inventory: %1"
"SKU: %1 remote qty is %2 and local is %3 and syncQty %4","SKU: %1 remote qty is %2 and local is %3 and syncQty %4"
"First Source Code: %1 item %2","First Source Code: %1 item %2"
"Stock updated for SKU: %1 at source: %2","Stock updated for SKU: %1 at source: %2"
"Error updating stock for SKU: %1 with message: %2","Error updating stock for SKU: %1 with message: %2"
"The warehouse API URL is required.","The warehouse API URL is required."
"The warehouse API URL format is not valid.","The warehouse API URL format is not valid."
"Error on set config: %1","Error on set config: %1"
"Failed to save source: %1","Failed to save source: %1"
"Failed to save stock: %1","Failed to save stock: %1"
"Real time sync not enabled. Please check the config.","Real time sync not enabled. Please check the config."
"Callback Method: %1 Response %2"," Callback Method: %1 Response %2"
"No JSON string found in the output.\n","No JSON string found in the output.\n"
"Error in ShipOrderInfo: %1","Error in ShipOrderInfo: %1"
"Order history updated: %1 %2 %3 comment: %4","Order history updated: %1 %2 %3 comment: %4"
"Order not found for increment ID : %1","Order not found for increment ID : %1"
"Order not found: %1","Order not found: %1"
"An error occurred: %1","An error occurred: %1"
"Error in ShipStreamOrderFields: %1","Error in ShipStreamOrderFields: %1"
"Order does not exist.","Order does not exist."
"Error processing order: %1","Error processing order: %1"
"Cannot do shipment for order.","Cannot do shipment for order."
"Decimal qty is not allowed to ship in Magento.","Decimal qty is not allowed to ship in Magento."
"Multi track : %1","Multi track : %1"
"Shipment created successfully for order ID %1","Shipment created successfully for order ID %1"
"Error creating shipment: %1","Error creating shipment: %1"
"Error sending shipment email: %1","Error sending shipment email: %1"
"Product not found: %1","Product not found: %1"
"Error adjusting stock: %1","Error adjusting stock: %1"
"Error locking stock items: %1","Error locking stock items: %1"
"No order associated with the history.","No order associated with the history."
"History object is null.","History object is null."
"Class: %1 - Function: %2","Class: %1 - Function: %2"
"Order ID %1: %2","Order ID %1: %2"